identifier,gene,group,enzyme_class,species,seq_length,length_bin
mAimeC,Pla2g2C,C mammals,C,mammals,132,130-135
mAimeF,Pla2g2F,F mammals,F,mammals,136,135-145
mAimeDb,Pla2g2D1,D mammals,D,mammals,124,120-130
mAimeDa,Pla2g2D1,D mammals,D,mammals,124,120-130
mAimeE,Pla2g2E,E mammals,E,mammals,123,120-130
mAifuE,Pla2g2E,E mammals,E,mammals,123,120-130
mAifuV,Pla2g2V1,V mammals,V,mammals,117,113-120
mAifuD,Pla2g2D1,D mammals,D,mammals,124,120-130
mAifuF,Pla2g2F,F mammals,F,mammals,148,145-170
mAifuC,Pla2g2C,C mammals,C,mammals,131,130-135
cAlmiC,Pla2g2C,C crocodile,C,crocodile,126,120-130
cAlmiD3,Pla2g2D3,D3 reptilia,D3,reptilia,117,113-120
cAlmiD1,Pla2g2D1,D1 reptilia,D1,reptilia,140,135-145
cAlmiE,Pla2g2E,E crocodile,E,crocodile,122,120-130
cAlsiD3,Pla2g2D3,D3 reptilia,D3,reptilia,117,113-120
cAlsiC,Pla2g2C,C crocodile,C,crocodile,122,120-130
bAnplC,Pla2g2C,C birds,C,birds,124,120-130
bAnplD,Pla2g2D3,D birds,D,birds,118,113-120
bAnplB,Pla2g2B,B birds,B,birds,111,103-113
bAnplE,Pla2g2E,E birds,E,birds,125,120-130
bAncyE,Pla2g2E,E birds,E,birds,125,120-130
bAncyB,Pla2g2B,B birds,B,birds,111,103-113
bAncyD,Pla2g2D3,D birds,D,birds,118,113-120
bAncyC,Pla2g2C,C birds,C,birds,124,120-130
bApfoE,Pla2g2E,E birds,E,birds,123,120-130
bApfoB,Pla2g2B,B birds,B,birds,115,113-120
bApfoD,Pla2g2D3,D birds,D,birds,118,113-120
bApfoC,Pla2g2C,C birds,C,birds,125,120-130
bApauC,Pla2g2C,C birds,C,birds,125,120-130
bAqchB,Pla2g2B,B birds,B,birds,115,113-120
bAqchD,Pla2g2D3,D birds,D,birds,117,113-120
bAqchC,Pla2g2C,C birds,C,birds,125,120-130
bBareC,Pla2g2C,C birds,C,birds,125,120-130
bBareD,Pla2g2D3,D birds,D,birds,118,113-120
bBareB,Pla2g2B,B birds,B,birds,115,113-120
bBareE,Pla2g2E,E birds,E,birds,123,120-130
mBibiE,Pla2g2E,E mammals,E,mammals,123,120-130
mBibiA2,Pla2g2A,A mammals,A,mammals,124,120-130
mBibiA3,Pla2g2A,A mammals,A,mammals,124,120-130
mBibiA4,Pla2g2A,A mammals,A,mammals,124,120-130
mBibiDa,Pla2g2D1,D mammals,D,mammals,127,120-130
mBibiDb,Pla2g2D1,D mammals,D,mammals,127,120-130
mBibiF,Pla2g2F,F mammals,F,mammals,130,130-135
mBibiC,Pla2g2C,C mammals,C,mammals,131,130-135
sBocoGo,Pla2g2G0,G squamates,G,squamates,117,113-120
sBocoD,Pla2g2D1,D squamates,D,squamates,125,120-130
sBocoE,Pla2g2E,E serpentes,E,serpentes,134,130-135
sBocoF,Pla2g2F,F squamates,F,squamates,129,120-130
mBotaC,Pla2g2C,C mammals,C,mammals,131,130-135
mBotaF,Pla2g2F,F mammals,F,mammals,135,135-145
mBotaDb,Pla2g2D1,D mammals,D,mammals,127,120-130
mBotaDa,Pla2g2D1,D mammals,D,mammals,127,120-130
mBotaV,Pla2g2V1,V mammals,V,mammals,118,113-120
mBotaA5,Pla2g2A,A mammals,A,mammals,125,120-130
mBotaA3,Pla2g2A,A mammals,A,mammals,124,120-130
mBotaA,Pla2g2A,A mammals,A,mammals,124,120-130
mCaluC,Pla2g2C,C mammals,C,mammals,132,130-135
mCaluF,Pla2g2F,F mammals,F,mammals,148,145-170
mCaluD1,Pla2g2D1,D mammals,D,mammals,125,120-130
mCaluV,Pla2g2V1,V mammals,V,mammals,118,113-120
mCaluE,Pla2g2E,E mammals,E,mammals,123,120-130
mCahiE,Pla2g2E,E mammals,E,mammals,123,120-130
mCahiA,Pla2g2A,A mammals,A,mammals,124,120-130
mCahiA2,Pla2g2A,A mammals,A,mammals,124,120-130
mCahiA4,Pla2g2A,A mammals,A,mammals,122,120-130
mCahiA5,Pla2g2A,A mammals,A,mammals,141,135-145
mCahiV,Pla2g2V1,V mammals,V,mammals,118,113-120
mCahiDa,Pla2g2D1,D mammals,D,mammals,126,120-130
mCahiDb,Pla2g2D1,D mammals,D,mammals,126,120-130
mCahiF,Pla2g2F,F mammals,F,mammals,135,135-145
mCahiC,Pla2g2C,C mammals,C,mammals,131,130-135
cChmyD1,Pla2g2D1,D1 reptilia,D1,reptilia,124,120-130
cChmyD3,Pla2g2D3,D3 reptilia,D3,reptilia,124,120-130
cChmyF,Pla2g2F,F turtle,F,turtle,126,120-130
mChlaE,Pla2g2E,E mammals,E,mammals,133,130-135
mChlaA2,Pla2g2A,A mammals,A,mammals,156,145-170
mChlaA3,Pla2g2A,A mammals,A,mammals,125,120-130
mChlaA4,Pla2g2A,A mammals,A,mammals,125,120-130
mChlaV,Pla2g2V1,V mammals,V,mammals,118,113-120
mChlaD,Pla2g2D1,D mammals,D,mammals,138,135-145
mChlaF,Pla2g2F,F mammals,F,mammals,151,145-170
mChlaC,Pla2g2C,C mammals,C,mammals,132,130-135
bChmaE,Pla2g2E,E birds,E,birds,135,135-145
bChmaB,Pla2g2B,B birds,B,birds,115,113-120
bChmaD,Pla2g2D3,D birds,D,birds,118,113-120
bChmaC,Pla2g2C,C birds,C,birds,125,120-130
cChpiD1,Pla2g2D1,D1 reptilia,D1,reptilia,124,120-130
cChpiD2,Pla2g2D2,D2 reptilia,D2,reptilia,124,120-130
cChpiD3,Pla2g2D3,D3 reptilia,D3,reptilia,124,120-130
cChpiF,Pla2g2F,F turtle,F,turtle,126,120-130
mCocrE,Pla2g2E,E mammals,E,mammals,125,120-130
mCocrA2,Pla2g2A,A mammals,A,mammals,124,120-130
mCocrA3,Pla2g2A,A mammals,A,mammals,124,120-130
mCocrV,Pla2g2V1,V mammals,V,mammals,118,113-120
mCocrD,Pla2g2D1,D mammals,D,mammals,125,120-130
mCocrF,Pla2g2F,F mammals,F,mammals,147,145-170
bCocoD,Pla2g2D3,D birds,D,birds,118,113-120
bCocoE,Pla2g2E,E birds,E,birds,123,120-130
cCrpoE,Pla2g2E,E crocodile,E,crocodile,122,120-130
cCrpoD1,Pla2g2D1,D1 reptilia,D1,reptilia,140,135-145
cCrpoD3,Pla2g2D3,D3 reptilia,D3,reptilia,117,113-120
cCrpoC,Pla2g2C,C crocodile,C,crocodile,125,120-130
sCradE,Pla2g2E,E serpentes,E,serpentes,134,130-135
sCradGc,Pla2g2Gc,G squamates,G,squamates,122,120-130
sCradGa,Pla2g2Ga,G squamates,G,squamates,122,120-130
sCradD,Pla2g2D1,D squamates,D,squamates,125,120-130
sCradF,Pla2g2F,F squamates,F,squamates,132,130-135
sCratE,Pla2g2E,E serpentes,E,serpentes,134,130-135
sCratGb,Pla2g2Gb,G squamates,G,squamates,122,120-130
sCratGk49,Pla2g2Gk,G squamates,G,squamates,121,120-130
sCratGc,Pla2g2Gc,G squamates,G,squamates,122,120-130
sCratGa,Pla2g2Ga,G squamates,G,squamates,122,120-130
sCratF,Pla2g2F,F squamates,F,squamates,132,130-135
sCrheAE,Pla2g2E,E serpentes,E,serpentes,134,130-135
sCrheAGb,Pla2g2Gb,G squamates,G,squamates,122,120-130
sCrheAGc1,Pla2g2Gc,G squamates,G,squamates,122,120-130
sCrheAGa1,Pla2g2Ga,G squamates,G,squamates,121,120-130
sCrheAGa2,Pla2g2Ga,G squamates,G,squamates,122,120-130
sCrheAF,Pla2g2F,F squamates,F,squamates,132,130-135
sCrheBF,Pla2g2F,F squamates,F,squamates,132,130-135
sCrheBGa1,Pla2g2Ga,G squamates,G,squamates,122,120-130
sCrheBE,Pla2g2E,E serpentes,E,serpentes,134,130-135
sCrhoAF,Pla2g2F,F squamates,F,squamates,132,130-135
sCrhoAGa2,Pla2g2Ga,G squamates,G,squamates,122,120-130
sCrhoAGb,Pla2g2Gb,G squamates,G,squamates,122,120-130
sCrhoAGc1,Pla2g2Gc,G squamates,G,squamates,122,120-130
sCrhoAGa1,Pla2g2Ga,G squamates,G,squamates,122,120-130
sCrhoBE,Pla2g2E,E serpentes,E,serpentes,134,130-135
sCrhoBGc1,Pla2g2Gc,G squamates,G,squamates,122,120-130
sCrhoBD,Pla2g2D1,D squamates,D,squamates,125,120-130
sCrhoBF,Pla2g2F,F squamates,F,squamates,132,130-135
sCrhoGa,Pla2g2Ga,G squamates,G,squamates,122,120-130
sCrhoGc,Pla2g2Gc,G squamates,G,squamates,120,120-130
sCrscAE,Pla2g2E,E serpentes,E,serpentes,134,130-135
sCrscAGb,Pla2g2Gb,G squamates,G,squamates,122,120-130
sCrscAGc1,Pla2g2Gc,G squamates,G,squamates,122,120-130
sCrscAGa1,Pla2g2Ga,G squamates,G,squamates,122,120-130
sCrscAGc2,Pla2g2Gc,G squamates,G,squamates,122,120-130
sCrscAGa2,Pla2g2Ga,G squamates,G,squamates,122,120-130
sCrscAF,Pla2g2F,F squamates,F,squamates,132,130-135
sCrscBE,Pla2g2E,E serpentes,E,serpentes,134,130-135
sCrscBGb,Pla2g2Gb,G squamates,G,squamates,122,120-130
sCrscBGk49,Pla2g2Gk,G squamates,G,squamates,121,120-130
sCrscBGc1,Pla2g2Gc,G squamates,G,squamates,122,120-130
sCrscBGa1,Pla2g2Ga,G squamates,G,squamates,122,120-130
sCrscBF,Pla2g2F,F squamates,F,squamates,132,130-135
bCucaC,Pla2g2C,C birds,C,birds,125,120-130
bCucaD3,Pla2g2D3,D birds,D,birds,118,113-120
bCucaB,Pla2g2B,B birds,B,birds,115,113-120
mDanoA,Pla2g2A,A mammals,A,mammals,124,120-130
mDanoV,Pla2g2V1,V mammals,V,mammals,118,113-120
mDanoD,Pla2g2D1,D mammals,D,mammals,125,120-130
mDanoF,Pla2g2F,F mammals,F,mammals,152,145-170
mDanoC,Pla2g2C,C mammals,C,mammals,132,130-135
sDeacF,Pla2g2F,F squamates,F,squamates,130,130-135
sDeacGa,Pla2g2Ga,G squamates,G,squamates,123,120-130
sDeacGc,Pla2g2Gc,G squamates,G,squamates,122,120-130
sDeacGk49,Pla2g2Gk,G squamates,G,squamates,122,120-130
sDeacGb,Pla2g2Gb,G squamates,G,squamates,122,120-130
sDeacE,Pla2g2E,E serpentes,E,serpentes,134,130-135
mEledF,Pla2g2F,F mammals,F,mammals,147,145-170
mEledD1,Pla2g2D1,D mammals,D,mammals,125,120-130
mEledV,Pla2g2V1,V mammals,V,mammals,118,113-120
mEledA3,Pla2g2A,A mammals,A,mammals,122,120-130
mEledA2,Pla2g2A,A mammals,A,mammals,124,120-130
mEledA1,Pla2g2A,A mammals,A,mammals,130,130-135
mEledE,Pla2g2E,E mammals,E,mammals,123,120-130
mEnluC,Pla2g2C,C mammals,C,mammals,132,130-135
mEnluF,Pla2g2F,F mammals,F,mammals,148,145-170
mEnluD1,Pla2g2D1,D mammals,D,mammals,125,120-130
mEnluV,Pla2g2V1,V mammals,V,mammals,117,113-120
mEnluE,Pla2g2E,E mammals,E,mammals,123,120-130
mEqcaC,Pla2g2C,C mammals,C,mammals,131,130-135
mEqcaF,Pla2g2F,F mammals,F,mammals,148,145-170
mEqcaD,Pla2g2D1,D mammals,D,mammals,125,120-130
mEqcaV,Pla2g2V1,V mammals,V,mammals,118,113-120
mEqcaA,Pla2g2A,A mammals,A,mammals,124,120-130
mEqcaE,Pla2g2E,E mammals,E,mammals,123,120-130
mEreuC,Pla2g2C,C mammals,C,mammals,131,130-135
mEreuF,Pla2g2F,F mammals,F,mammals,154,145-170
mEreuD1,Pla2g2D1,D mammals,D,mammals,125,120-130
mEreuV,Pla2g2V1,V mammals,V,mammals,118,113-120
mEreuA15,Pla2g2A,A mammals,A,mammals,142,135-145
mEreuA14,Pla2g2A,A mammals,A,mammals,135,135-145
mEreuA13,Pla2g2A,A mammals,A,mammals,132,130-135
mEreuA12,Pla2g2A,A mammals,A,mammals,124,120-130
mEreuA11,Pla2g2A,A mammals,A,mammals,124,120-130
mEreuA10,Pla2g2A,A mammals,A,mammals,124,120-130
mEreuA9,Pla2g2A,A mammals,A,mammals,124,120-130
mEreuA8,Pla2g2A,A mammals,A,mammals,124,120-130
mEreuA7,Pla2g2A,A mammals,A,mammals,124,120-130
mEreuA6,Pla2g2A,A mammals,A,mammals,154,145-170
mEreuA5,Pla2g2A,A mammals,A,mammals,154,145-170
mEreuA3,Pla2g2A,A mammals,A,mammals,124,120-130
mEreuA2,Pla2g2A,A mammals,A,mammals,124,120-130
mEreuA1,Pla2g2A,A mammals,A,mammals,125,120-130
mEreuE,Pla2g2E,E mammals,E,mammals,123,120-130
mFecaE,Pla2g2E,E mammals,E,mammals,123,120-130
mFecaV,Pla2g2V1,V mammals,V,mammals,118,113-120
mFecaD,Pla2g2D1,D mammals,D,mammals,125,120-130
mFecaF,Pla2g2F,F mammals,F,mammals,148,145-170
bGagaE,Pla2g2E,E birds,E,birds,123,120-130
bGagaB,Pla2g2B,B birds,B,birds,106,103-113
bGagaD,Pla2g2D3,D birds,D,birds,118,113-120
bGagaC,Pla2g2C,C birds,C,birds,125,120-130
cGavganC,Pla2g2C,C crocodile,C,crocodile,125,120-130
cGavganD3,Pla2g2D3,D3 reptilia,D3,reptilia,117,113-120
cGavganD1,Pla2g2D1,D1 reptilia,D1,reptilia,140,135-145
cGavganE,Pla2g2E,E crocodile,E,crocodile,122,120-130
cGoagF,Pla2g2F,F turtle,F,turtle,126,120-130
cGoagD3,Pla2g2D3,D3 reptilia,D3,reptilia,124,120-130
cGoagD2,Pla2g2D2,D2 reptilia,D2,reptilia,124,120-130
cGoagD1,Pla2g2D1,D1 reptilia,D1,reptilia,124,120-130
cGoagE,Pla2g2E,E turtle,E,turtle,124,120-130
bHaleB,Pla2g2B,B birds,B,birds,116,113-120
bHaleD,Pla2g2D3,D birds,D,birds,117,113-120
bHaleC,Pla2g2C,C birds,C,birds,125,120-130
mHeglE,Pla2g2E,E mammals,E,mammals,133,130-135
mHeglA1,Pla2g2A,A mammals,A,mammals,127,120-130
mHeglA2,Pla2g2A,A mammals,A,mammals,125,120-130
mHeglA3,Pla2g2A,A mammals,A,mammals,125,120-130
mHeglV,Pla2g2V,V mammals,V,mammals,118,113-120
mHeglD,Pla2g2D1,D mammals,D,mammals,138,135-145
mHeglF,Pla2g2F,F mammals,F,mammals,151,145-170
mHosaE,Pla2g2E,E mammals,E,mammals,123,120-130
mHosaA,Pla2g2A,A mammals,A,mammals,124,120-130
mHosaV,Pla2g2V1,V mammals,V,mammals,118,113-120
mHosaD,Pla2g2D1,D mammals,D,mammals,125,120-130
mHosaF,Pla2g2F,F mammals,F,mammals,148,145-170
sLabiE,Pla2g2E,E squamates,E,squamates,122,120-130
sLabiGo,Pla2g2G0,G squamates,G,squamates,122,120-130
sLabiD,Pla2g2D1,D squamates,D,squamates,155,145-170
sLabiF,Pla2g2F,F squamates,F,squamates,131,130-135
sLaviF,Pla2g2F,F squamates,F,squamates,131,130-135
sLaviD,Pla2g2D1,D squamates,D,squamates,155,145-170
sLaviGo,Pla2g2G0,G squamates,G,squamates,122,120-130
sLaviE,Pla2g2E,E squamates,E,squamates,122,120-130
mLoafC,Pla2g2C,C mammals,C,mammals,132,130-135
mLoafF,Pla2g2F,F mammals,F,mammals,147,145-170
mLoafD,Pla2g2D1,D mammals,D,mammals,132,130-135
mLoafV,Pla2g2V1,V mammals,V,mammals,118,113-120
mLoafA2,Pla2g2A,A mammals,A,mammals,124,120-130
mLoafA1,Pla2g2A,A mammals,A,mammals,124,120-130
mLoafE,Pla2g2E,E mammals,E,mammals,123,120-130
mMamaF,Pla2g2F,F mammals,F,mammals,147,145-170
mMamaD,Pla2g2D1,D mammals,D,mammals,125,120-130
mMamaV,Pla2g2V1,V mammals,V,mammals,118,113-120
mMamaA1,Pla2g2A,A mammals,A,mammals,125,120-130
mMamaE,Pla2g2E,E mammals,E,mammals,123,120-130
mMimuE,Pla2g2E,E mammals,E,mammals,123,120-130
mMimuA,Pla2g2A,A mammals,A,mammals,124,120-130
mMimuV,Pla2g2V1,V mammals,V,mammals,118,113-120
mMimuD,Pla2g2D1,D mammals,D,mammals,125,120-130
mMimuF,Pla2g2F,F mammals,F,mammals,148,145-170
mMimuC,Pla2g2C,C mammals,C,mammals,132,130-135
mModoC,Pla2g2C,C mammals,C,mammals,129,120-130
mModoF,Pla2g2F,F mammals,F,mammals,149,145-170
mModoD,Pla2g2D1,D mammals,D,mammals,124,120-130
mModoV2,Pla2g2V2,V mammals,V,mammals,124,120-130
mModoV1,Pla2g2V2,V mammals,V,mammals,124,120-130
mModoE,Pla2g2E,E mammals,E,mammals,123,120-130
mMumuC,Pla2g2C,C mammals,C,mammals,130,130-135
mMumuF,Pla2g2F,F mammals,F,mammals,148,145-170
mMumuD1,Pla2g2D1,D mammals,D,mammals,125,120-130
mMumuV1,Pla2g2V1,V mammals,V,mammals,117,113-120
mMumuA,Pla2g2A,A mammals,A,mammals,124,120-130
mMumuE,Pla2g2E,E mammals,E,mammals,123,120-130
mMupuC,Pla2g2C,C mammals,C,mammals,132,130-135
mMupuF,Pla2g2F,F mammals,F,mammals,148,145-170
mMupuD,Pla2g2D1,D mammals,D,mammals,125,120-130
mMupuV,Pla2g2V1,V mammals,V,mammals,117,113-120
mMupuE,Pla2g2E,E mammals,E,mammals,123,120-130
mMyluE,Pla2g2E,E mammals,E,mammals,123,120-130
mMyluA1,Pla2g2A,A mammals,A,mammals,124,120-130
mMyluA2,Pla2g2A,A mammals,A,mammals,124,120-130
mMyluA4,Pla2g2A,A mammals,A,mammals,124,120-130
mMyluV,Pla2g2V1,V mammals,V,mammals,118,113-120
mMyluD,Pla2g2D1,D mammals,D,mammals,127,120-130
mMyluF,Pla2g2F,F mammals,F,mammals,147,145-170
mMyluC,Pla2g2C,C mammals,C,mammals,132,130-135
bNaauB,Pla2g2B,B birds,B,birds,115,113-120
bNaauD,Pla2g2D3,D birds,D,birds,119,113-120
bNaauC,Pla2g2C,C birds,C,birds,125,120-130
mNescE,Pla2g2E,E mammals,E,mammals,123,120-130
mNescV,Pla2g2V1,V mammals,V,mammals,117,113-120
mNescD,Pla2g2D1,D mammals,D,mammals,125,120-130
mNescF,Pla2g2F,F mammals,F,mammals,148,145-170
sNoscF,Pla2g2F,F squamates,F,squamates,132,130-135
sNoscD,Pla2g2D1,D squamates,D,squamates,124,120-130
sNoscGc,Pla2g2Gc,G squamates,G,squamates,122,120-130
sNoscE,Pla2g2E,E serpentes,E,serpentes,131,130-135
mOcprC,Pla2g2C,C mammals,C,mammals,132,130-135
mOcprF,Pla2g2F,F mammals,F,mammals,148,145-170
mOcprD,Pla2g2D1,D mammals,D,mammals,126,120-130
mOcprV,Pla2g2V1,V mammals,V,mammals,118,113-120
mOcprA3,Pla2g2A,A mammals,A,mammals,124,120-130
mOcprA2,Pla2g2A,A mammals,A,mammals,124,120-130
mOcprA1,Pla2g2A,A mammals,A,mammals,124,120-130
mOcprE,Pla2g2E,E mammals,E,mammals,123,120-130
mOdviC,Pla2g2C,C mammals,C,mammals,131,130-135
mOdviF,Pla2g2F,F mammals,F,mammals,135,135-145
mOdviD,Pla2g2D1,D mammals,D,mammals,126,120-130
mOdviV,Pla2g2V1,V mammals,V,mammals,118,113-120
mOdviA3,Pla2g2A,A mammals,A,mammals,124,120-130
mOdviA2,Pla2g2A,A mammals,A,mammals,124,120-130
mOdviA1,Pla2g2A,A mammals,A,mammals,124,120-130
mOdviE,Pla2g2E,E mammals,E,mammals,123,120-130
sOphaE,Pla2g2E,E serpentes,E,serpentes,131,130-135
sOphaGc,Pla2g2Gc,G squamates,G,squamates,121,120-130
sOphaD,Pla2g2D1,D squamates,D,squamates,125,120-130
sOphaF,Pla2g2F,F squamates,F,squamates,130,130-135
sOpgrF,Pla2g2F,F squamates,F,squamates,161,145-170
sOpgrDb,Pla2g2D1,D squamates,D,squamates,124,120-130
sOpgrG0,Pla2g2G0,G squamates,G,squamates,122,120-130
bOphoC,Pla2g2C,C birds,C,birds,125,120-130
bOphoD,Pla2g2D3,D birds,D,birds,118,113-120
bOphoE,Pla2g2E,E birds,E,birds,123,120-130
mOrorE,Pla2g2E,E mammals,E,mammals,123,120-130
mOrorV,Pla2g2V1,V mammals,V,mammals,118,113-120
mOrorD,Pla2g2D1,D mammals,D,mammals,125,120-130
mOrorC,Pla2g2C,C mammals,C,mammals,126,120-130
mOranF,Pla2g2F,F mammals,F,mammals,147,145-170
mOranD,Pla2g2D1,D mammals,D,mammals,124,120-130
mOran4,Pla2g2D1,D mammals,D,mammals,147,145-170
mOran2,Pla2g2D2,D mammals,D,mammals,132,130-135
mOranE,Pla2g2E,E mammals,E,mammals,124,120-130
mOrcuC,Pla2g2C,C mammals,C,mammals,132,130-135
mOrcuF,Pla2g2F,F mammals,F,mammals,148,145-170
mOrcuD,Pla2g2D1,D mammals,D,mammals,126,120-130
mOrcuV,Pla2g2V1,V mammals,V,mammals,118,113-120
mOrcuA4,Pla2g2A,A mammals,A,mammals,124,120-130
mOrcuA3,Pla2g2A,A mammals,A,mammals,124,120-130
mOrcuA2,Pla2g2A,A mammals,A,mammals,124,120-130
mOrcuA,Pla2g2A,A mammals,A,mammals,124,120-130
mOrcuE,Pla2g2E,E mammals,E,mammals,123,120-130
mOvarC,Pla2g2C,C mammals,C,mammals,131,130-135
mOvarF,Pla2g2F,F mammals,F,mammals,135,135-145
mOvarD,Pla2g2D1,D mammals,D,mammals,126,120-130
mOvarA3,Pla2g2A,A mammals,A,mammals,124,120-130
mOvarA2,Pla2g2A,A mammals,A,mammals,124,120-130
mOvarA1,Pla2g2A,A mammals,A,mammals,124,120-130
mPatiC,Pla2g2C,C mammals,C,mammals,131,130-135
mPatiF,Pla2g2F,F mammals,F,mammals,153,145-170
mPatiD,Pla2g2D1,D mammals,D,mammals,125,120-130
mPatiV,Pla2g2V1,V mammals,V,mammals,118,113-120
mPatiE,Pla2g2E,E mammals,E,mammals,123,120-130
mPahoC,Pla2g2C,C mammals,C,mammals,131,130-135
mPahoF,Pla2g2F,F mammals,F,mammals,135,135-145
mPahoD,Pla2g2D1,D mammals,D,mammals,126,120-130
mPahoV,Pla2g2V1,V mammals,V,mammals,118,113-120
mPahoA5,Pla2g2A,A mammals,A,mammals,124,120-130
mPahoA3,Pla2g2A,A mammals,A,mammals,124,120-130
mPahoA1,Pla2g2A,A mammals,A,mammals,124,120-130
mPahoE,Pla2g2E,E mammals,E,mammals,123,120-130
sPapiE,Pla2g2E,E squamates,E,squamates,123,120-130
sPapiG0,Pla2g2G0,G squamates,G,squamates,123,120-130
sPapiF,Pla2g2F,F squamates,F,squamates,148,145-170
bPafaC,Pla2g2C,C birds,C,birds,125,120-130
bPafaD,Pla2g2D3,D birds,D,birds,117,113-120
bPafaB,Pla2g2B,B birds,B,birds,115,113-120
cPesiF,Pla2g2F,F turtle,F,turtle,125,120-130
cPesiD3,Pla2g2D3,D3 reptilia,D3,reptilia,124,120-130
cPesiD2,Pla2g2D2,D2 reptilia,D2,reptilia,124,120-130
cPesiD1,Pla2g2D1,D1 reptilia,D1,reptilia,124,120-130
cPesiE,Pla2g2E,E turtle,E,turtle,124,120-130
mPhciC,Pla2g2C,C mammals,C,mammals,129,120-130
mPhciF,Pla2g2F,F mammals,F,mammals,149,145-170
mPhciDb,Pla2g2D1,D mammals,D,mammals,124,120-130
mPhciDa,Pla2g2D1,D mammals,D,mammals,131,130-135
mPhciV3,Pla2g2V2,V mammals,V,mammals,124,120-130
mPhciV2,Pla2g2V2,V mammals,V,mammals,124,120-130
mPhciV1,Pla2g2V2,V mammals,V,mammals,124,120-130
mPhciE,Pla2g2E,E mammals,E,mammals,123,120-130
sPoviF,Pla2g2F,F squamates,F,squamates,164,145-170
sPoviD,Pla2g2D1,D squamates,D,squamates,124,120-130
sPoviG0,Pla2g2G0,G squamates,G,squamates,122,120-130
sPoviE,Pla2g2E,E squamates,E,squamates,124,120-130
sPrflGck,Pla2g2G,G squamates,G,squamates,119,113-120
sPrflGk49,Pla2g2Gk,G squamates,G,squamates,122,120-130
sPrflGb,Pla2g2Gb,G squamates,G,squamates,122,120-130
sPrflGa2,Pla2g2Ga,G squamates,G,squamates,122,120-130
sPrflGa1,Pla2g2Ga,G squamates,G,squamates,122,120-130
sPrflE,Pla2g2E,E serpentes,E,serpentes,134,130-135
sPrmuE,Pla2g2E,E serpentes,E,serpentes,134,130-135
sPrmuGb,Pla2g2Gb,G squamates,G,squamates,122,120-130
sPrmuGk49,Pla2g2Gk,G squamates,G,squamates,122,120-130
sPrmuGck,Pla2g2G,G squamates,G,squamates,123,120-130
sPrmuGa1,Pla2g2Ga,G squamates,G,squamates,122,120-130
sPrmuGa2,Pla2g2Ga,G squamates,G,squamates,122,120-130
sPrmuF,Pla2g2F,F squamates,F,squamates,130,130-135
sPsteF,Pla2g2F,F squamates,F,squamates,132,130-135
sPsteD,Pla2g2D1,D squamates,D,squamates,124,120-130
sPsteGc,Pla2g2Gc,G squamates,G,squamates,122,120-130
sPsteE,Pla2g2E,E serpentes,E,serpentes,131,130-135
bPskrE,Pla2g2E,E birds,E,birds,123,120-130
bPskrB,Pla2g2B,B birds,B,birds,111,103-113
bPskrD,Pla2g2D3,D birds,D,birds,117,113-120
bPskrC,Pla2g2C,C birds,C,birds,125,120-130
mPtvaE,Pla2g2E,E mammals,E,mammals,123,120-130
mPtvaV,Pla2g2V1,V mammals,V,mammals,118,113-120
mPtvaD,Pla2g2D1,D mammals,D,mammals,128,120-130
mPtvaF,Pla2g2F,F mammals,F,mammals,147,145-170
mPtvaC,Pla2g2C,C mammals,C,mammals,132,130-135
bPyadC,Pla2g2C,C birds,C,birds,125,120-130
bPyadD,Pla2g2D3,D birds,D,birds,117,113-120
bPyadB,Pla2g2B,B birds,B,birds,115,113-120
sPybiE,Pla2g2E,E serpentes,E,serpentes,134,130-135
sPybiF,Pla2g2F,F squamates,F,squamates,132,130-135
mSahaC,Pla2g2C,C mammals,C,mammals,129,120-130
mSahaF,Pla2g2F,F mammals,F,mammals,149,145-170
mSahaD,Pla2g2D1,D mammals,D,mammals,124,120-130
mSahaV5,Pla2g2V1,V mammals,V,mammals,125,120-130
mSahaV4,Pla2g2V2,V mammals,V,mammals,124,120-130
mSahaV2,Pla2g2V1,V mammals,V,mammals,124,120-130
mSahaE,Pla2g2E,E mammals,E,mammals,123,120-130
mSahaV1,Pla2g2V2,V mammals,V,mammals,124,120-130
bSecoE,Pla2g2E,E birds,E,birds,123,120-130
bSecoD,Pla2g2D3,D birds,D,birds,118,113-120
mSoarE,Pla2g2E,E mammals,E,mammals,125,120-130
mSoarA2,Pla2g2A,A mammals,A,mammals,124,120-130
mSoarA3,Pla2g2A,A mammals,A,mammals,124,120-130
mSoarV,Pla2g2V1,V mammals,V,mammals,118,113-120
mSoarD,Pla2g2D1,D mammals,D,mammals,125,120-130
mSoarF,Pla2g2F,F mammals,F,mammals,147,145-170
mSoarC,Pla2g2C,C mammals,C,mammals,131,130-135
bStocE,Pla2g2E,E birds,E,birds,123,120-130
bStocB,Pla2g2B,B birds,B,birds,121,120-130
bStocD,Pla2g2D3,D birds,D,birds,117,113-120
bStocC,Pla2g2C,C birds,C,birds,125,120-130
mTrmaC,Pla2g2C,C mammals,C,mammals,132,130-135
mTrmaF,Pla2g2F,F mammals,F,mammals,147,145-170
mTrmaD,Pla2g2D1,D mammals,D,mammals,125,120-130
mTrmaV,Pla2g2V1,V mammals,V,mammals,118,113-120
mTrmaA2,Pla2g2A,A mammals,A,mammals,124,120-130
mTrmaE,Pla2g2E,E mammals,E,mammals,122,120-130
bUrpeC,Pla2g2C,C birds,C,birds,125,120-130
bUrpeD,Pla2g2D3,D birds,D,birds,119,113-120
bUrpeB,Pla2g2B,B birds,B,birds,115,113-120
mUrmaC,Pla2g2C,C mammals,C,mammals,132,130-135
mUrmaD,Pla2g2D1,D mammals,D,mammals,125,120-130
mUrmaV,Pla2g2V1,V mammals,V,mammals,117,113-120
sVibeEa,Pla2g2E,E serpentes,E,serpentes,134,130-135
sVibeGa1,Pla2g2Ga,G squamates,G,squamates,120,120-130
sVibeGa2,Pla2g2Ga,G squamates,G,squamates,122,120-130
sVibeGa4,Pla2g2Ga,G squamates,G,squamates,122,120-130
sVibeF,Pla2g2F,F squamates,F,squamates,133,130-135
